{"cameraMode":{"drawMode":0,"name":"Shaded","section":"Shading Mode"},"sceneLighting":true,"audioPlay":false,"sceneViewState":{"m_AlwaysRefresh":false,"showFog":true,"showSkybox":true,"showFlares":true,"showImageEffects":true,"showParticleSystems":true,"showVisualEffectGraphs":true,"m_FxEnabled":true},"in2DMode":false,"pivot":{"x":118.68000030517578,"y":9.65999984741211,"z":55.150001525878909},"rotation":{"x":-0.20496223866939546,"y":-0.15192987024784089,"z":0.032227009534835818,"w":-0.9663749933242798},"size":12.12435531616211,"orthographic":false}