{"cameraMode":{"drawMode":0,"name":"Shaded","section":"Shading Mode"},"sceneLighting":true,"audioPlay":false,"sceneViewState":{"m_AlwaysRefresh":false,"showFog":true,"showSkybox":true,"showFlares":true,"showImageEffects":true,"showParticleSystems":true,"showVisualEffectGraphs":true,"m_FxEnabled":true},"in2DMode":false,"pivot":{"x":118.33000183105469,"y":8.859999656677246,"z":54.132999420166019},"rotation":{"x":-0.03454304859042168,"y":0.9456847310066223,"z":-0.10713006556034088,"w":-0.30500441789627077},"size":4.977928161621094,"orthographic":true}