{"cameraMode":{"drawMode":0,"name":"Shaded","section":"Shading Mode"},"sceneLighting":true,"audioPlay":false,"sceneViewState":{"m_AlwaysRefresh":false,"showFog":true,"showSkybox":true,"showFlares":true,"showImageEffects":true,"showParticleSystems":true,"showVisualEffectGraphs":true,"m_FxEnabled":true},"in2DMode":false,"pivot":{"x":118.33000183105469,"y":9.539999961853028,"z":56.68000030517578},"rotation":{"x":0.25540104508399966,"y":-0.10390131920576096,"z":0.027619320899248124,"w":0.9608513712882996},"size":38.90428924560547,"orthographic":true}