{"cameraMode":{"drawMode":0,"name":"Shaded","section":"Shading Mode"},"sceneLighting":false,"audioPlay":false,"sceneViewState":{"m_AlwaysRefresh":false,"showFog":true,"showSkybox":false,"showFlares":true,"showImageEffects":true,"showParticleSystems":true,"showVisualEffectGraphs":true,"m_FxEnabled":true},"in2DMode":false,"pivot":{"x":2.7233943939208986,"y":17.598514556884767,"z":-7.073308944702148},"rotation":{"x":-0.07979539036750794,"y":-0.14154906570911408,"z":0.011453845538198948,"w":-0.9866552948951721},"size":4.563429355621338,"orthographic":true}